county	ratio
8025	2.7716
42053	2.2152
13259	2.1514
2013	2.0784
2016	1.9374
48169	1.8587
22125	1.8544
12125	1.8248
32027	1.8209
13309	1.8084
8011	1.8053
17009	1.7980
13053	1.7789
30077	1.6956
51081	1.6907
47095	1.6902
48253	1.6845
29063	1.6701
2185	1.6566
6035	1.6477
12077	1.6229
48001	1.5935
5079	1.5898
48075	1.5807
48389	1.5747
48025	1.5561
48335	1.5364
13037	1.5344
48205	1.5106
13315	1.4899
28055	1.4897
28163	1.4872
40003	1.4802
51183	1.4737
26095	1.4728
47007	1.4699
54021	1.4539
46009	1.4524
31097	1.4498
48163	1.4495
47169	1.4308
48283	1.4297
13271	1.4203
39121	1.4137
48255	1.4131
8073	1.4065
13049	1.4043
32033	1.3944
48471	1.3851
48301	1.3803
12047	1.3726
28041	1.3706
40055	1.3652
48313	1.3579
8043	1.3556
49009	1.3515
21175	1.3489
13267	1.3439
8075	1.3391
48227	1.3334
21063	1.3244
12037	1.3215
35019	1.3181
22027	1.3177
20053	1.3096
48371	1.3096
22003	1.3002
13167	1.2987
48237	1.2981
37177	1.2962
51159	1.2953
51678	1.2953
12027	1.2884
29169	1.2882
5077	1.2863
30101	1.2835
20145	1.2818
35059	1.2816
22043	1.2762
12067	1.2750
21143	1.2742
13141	1.2722
17101	1.2718
21129	1.2716
2068	1.2695
12043	1.2600
20137	1.2592
54017	1.2552
12007	1.2545
48125	1.2470
28135	1.2461
2282	1.2442
26033	1.2440
47181	1.2410
29163	1.2393
48489	1.2385
21159	1.2368
26003	1.2362
16035	1.2337
17145	1.2334
5123	1.2324
6031	1.2295
48173	1.2294
12029	1.2292
17157	1.2283
26013	1.2265
8111	1.2263
47069	1.2261
36033	1.2250
2240	1.2235
37133	1.2189
48297	1.2186
51029	1.2181
2198	1.2177
48271	1.2157
51021	1.2144
19101	1.2122
37079	1.2110
13193	1.2079
48115	1.2074
8117	1.2067
47129	1.2044
30069	1.2036
42119	1.2035
6015	1.2028
13093	1.2016
22037	1.2009
21147	1.2004
1011	1.1992
17087	1.1965
40107	1.1961
18153	1.1960
6005	1.1945
48185	1.1934
41045	1.1908
39097	1.1907
12123	1.1884
32009	1.1880
22035	1.1864
54073	1.1845
36121	1.1842
38007	1.1835
37011	1.1826
48411	1.1820
12133	1.1811
40063	1.1797
29133	1.1792
24039	1.1788
51135	1.1788
8051	1.1773
26061	1.1768
12129	1.1767
48373	1.1765
48415	1.1763
26067	1.1728
12013	1.1727
28157	1.1722
48457	1.1720
8065	1.1713
6003	1.1712
12063	1.1695
38105	1.1693
45065	1.1674
26057	1.1670
38061	1.1662
18103	1.1659
18123	1.1653
48179	1.1641
2090	1.1640
2188	1.1638
48401	1.1615
51149	1.1601
12093	1.1590
47091	1.1577
38025	1.1559
51025	1.1555
45037	1.1553
27115	1.1550
56035	1.1550
4009	1.1543
38053	1.1540
30023	1.1536
22127	1.1533
55053	1.1526
40151	1.1525
48225	1.1518
31037	1.1508
40009	1.1508
8049	1.1495
48437	1.1490
32017	1.1479
37095	1.1475
32011	1.1471
48383	1.1467
28133	1.1456
29187	1.1448
42061	1.1435
38081	1.1418
20103	1.1416
55057	1.1413
1007	1.1399
38067	1.1394
29135	1.1392
46091	1.1391
13165	1.1385
40139	1.1381
56007	1.1378
35003	1.1376
55001	1.1374
2105	1.1373
48095	1.1347
48147	1.1345
12059	1.1341
41037	1.1337
17103	1.1330
42127	1.1328
12079	1.1325
48229	1.1318
2150	1.1308
19145	1.1307
2261	1.1286
6051	1.1285
21047	1.1283
46063	1.1279
48207	1.1279
48137	1.1278
8015	1.1271
39101	1.1264
20161	1.1260
12051	1.1259
31113	1.1250
8019	1.1249
46003	1.1243
1005	1.1241
51111	1.1225
13035	1.1215
8037	1.1204
12049	1.1202
55027	1.1187
8113	1.1184
2290	1.1174
40015	1.1170
13155	1.1169
48311	1.1168
48445	1.1158
42033	1.1154
17051	1.1152
22025	1.1145
8093	1.1139
49039	1.1138
40153	1.1132
38043	1.1124
2158	1.1123
48429	1.1123
2180	1.1119
48111	1.1116
55137	1.1115
12003	1.1098
35057	1.1096
42027	1.1092
30057	1.1089
22115	1.1087
56015	1.1087
8047	1.1077
33007	1.1076
12065	1.1071
47081	1.1061
27077	1.1059
8033	1.1055
48123	1.1055
36099	1.1051
36045	1.1047
46119	1.1044
16081	1.1043
17033	1.1043
39129	1.1043
48261	1.1042
38075	1.1040
29215	1.1032
17135	1.1015
48359	1.1015
2230	1.1012
17169	1.1012
16039	1.1007
2060	1.1005
18133	1.1004
16043	1.0989
16049	1.0989
46051	1.0988
20061	1.0987
31075	1.0976
41059	1.0976
49017	1.0976
21225	1.0973
56045	1.0972
38101	1.0967
42111	1.0963
31009	1.0946
31069	1.0946
42113	1.0946
38023	1.0944
5059	1.0943
38013	1.0941
8071	1.0938
27017	1.0938
29161	1.0938
19169	1.0937
21185	1.0930
45069	1.0920
39141	1.0916
20075	1.0914
18065	1.0913
21051	1.0911
2122	1.0904
48421	1.0899
51105	1.0898
51710	1.0895
8121	1.0894
13091	1.0893
29053	1.0893
40005	1.0893
42059	1.0890
48189	1.0884
30083	1.0883
24001	1.0880
51195	1.0875
46079	1.0873
36039	1.0872
46135	1.0869
17057	1.0865
4021	1.0862
16015	1.0855
27167	1.0850
31047	1.0849
22059	1.0848
46093	1.0848
45005	1.0835
2275	1.0833
38087	1.0833
46039	1.0828
54083	1.0828
32013	1.0823
32007	1.0820
41055	1.0819
48161	1.0818
28001	1.0813
55017	1.0812
55023	1.0809
30031	1.0806
2195	1.0803
20057	1.0803
20143	1.0802
55043	1.0802
17005	1.0798
38065	1.0796
40031	1.0795
5065	1.0789
16085	1.0788
2170	1.0787
19105	1.0787
47097	1.0784
46069	1.0783
38073	1.0781
53045	1.0781
48341	1.0776
19025	1.0774
29175	1.0774
8107	1.0770
46097	1.0769
46111	1.0762
35009	1.0757
35035	1.0754
46085	1.0752
56001	1.0750
12087	1.0749
13101	1.0746
6109	1.0742
16063	1.0742
30107	1.0741
38047	1.0740
17027	1.0736
8097	1.0734
20203	1.0734
4011	1.0729
12023	1.0729
26023	1.0729
30021	1.0729
29179	1.0727
38049	1.0725
56039	1.0724
51121	1.0718
48369	1.0714
13205	1.0713
27153	1.0710
31165	1.0710
19187	1.0708
51175	1.0708
8027	1.0703
26117	1.0699
36115	1.0697
41031	1.0697
48485	1.0697
51145	1.0697
36031	1.0696
38089	1.0696
46021	1.0692
48495	1.0687
31083	1.0685
38091	1.0678
48325	1.0671
38077	1.0666
38045	1.0664
12041	1.0660
2050	1.0656
28079	1.0656
53021	1.0656
20055	1.0653
19087	1.0646
26101	1.0644
38009	1.0644
49033	1.0640
18155	1.0639
18091	1.0633
29151	1.0632
48033	1.0631
27105	1.0629
27135	1.0627
8057	1.0622
19177	1.0621
4027	1.0620
56037	1.0620
27025	1.0617
17081	1.0609
46053	1.0606
30007	1.0605
8053	1.0603
29221	1.0600
55037	1.0600
49031	1.0599
31151	1.0597
12121	1.0596
32015	1.0596
38057	1.0596
49029	1.0595
30091	1.0591
38019	1.0591
35025	1.0588
56005	1.0587
21091	1.0585
30019	1.0585
51077	1.0582
22021	1.0581
53019	1.0580
46011	1.0579
13039	1.0576
17151	1.0576
16003	1.0575
20017	1.0575
6105	1.0574
48375	1.0572
54061	1.0571
36019	1.0570
30055	1.0569
8023	1.0566
25019	1.0565
22049	1.0562
13069	1.0561
16009	1.0557
27063	1.0555
48293	1.0553
48057	1.0550
38035	1.0548
42083	1.0548
55083	1.0548
27075	1.0546
20047	1.0543
16041	1.0542
36105	1.0539
49027	1.0536
32510	1.0535
36011	1.0535
48069	1.0534
20007	1.0533
48377	1.0533
51685	1.0531
46095	1.0528
48351	1.0527
16053	1.0525
27141	1.0524
27125	1.0521
48247	1.0521
48305	1.0521
37007	1.0519
4012	1.0517
46025	1.0516
6025	1.0514
32029	1.0512
13305	1.0511
40035	1.0511
46077	1.0511
49023	1.0510
42107	1.0509
30061	1.0508
30059	1.0507
54077	1.0507
18131	1.0506
20089	1.0506
46057	1.0506
55113	1.0505
30039	1.0504
35033	1.0503
20197	1.0500
6029	1.0498
35006	1.0496
49043	1.0496
38093	1.0489
29027	1.0488
19117	1.0486
48243	1.0486
8103	1.0479
20083	1.0479
29045	1.0479
30001	1.0479
54075	1.0479
20175	1.0478
55013	1.0478
49055	1.0476
29225	1.0475
31135	1.0475
31159	1.0474
48003	1.0472
48131	1.0472
55099	1.0471
29101	1.0470
48319	1.0469
8081	1.0467
16051	1.0467
16073	1.0466
2130	1.0464
26083	1.0464
32023	1.0463
48245	1.0463
32019	1.0462
45049	1.0462
48295	1.0462
16033	1.0460
53035	1.0460
19099	1.0459
30027	1.0459
56009	1.0459
20165	1.0458
26131	1.0458
27021	1.0458
27131	1.0458
53027	1.0458
18157	1.0457
35028	1.0457
26079	1.0456
21191	1.0454
17155	1.0453
13303	1.0452
48465	1.0452
55021	1.0452
26075	1.0451
16037	1.0450
30089	1.0447
53051	1.0447
16025	1.0444
26135	1.0444
26119	1.0443
31123	1.0440
8045	1.0439
53001	1.0439
39013	1.0437
2164	1.0436
29057	1.0435
40119	1.0434
48435	1.0433
38099	1.0432
8055	1.0430
26039	1.0430
38039	1.0430
48135	1.0430
19005	1.0425
35021	1.0425
38071	1.0424
21177	1.0423
16029	1.0420
31031	1.0420
29211	1.0419
30043	1.0413
41001	1.0413
46019	1.0413
49041	1.0412
55011	1.0412
19173	1.0410
27129	1.0410
19115	1.0409
31093	1.0408
36089	1.0408
46117	1.0408
48345	1.0408
19039	1.0406
19047	1.0405
49003	1.0403
16023	1.0401
27121	1.0401
30025	1.0401
8087	1.0400
48047	1.0400
22039	1.0399
2220	1.0396
12113	1.0395
37003	1.0392
51097	1.0392
6075	1.0391
13055	1.0391
22011	1.0391
38097	1.0391
38063	1.0390
56023	1.0389
48043	1.0388
48073	1.0388
6043	1.0385
6053	1.0385
53071	1.0384
53043	1.0382
6011	1.0381
6021	1.0381
34011	1.0381
18025	1.0380
20119	1.0379
51051	1.0379
41025	1.0378
54027	1.0377
20019	1.0376
30045	1.0376
53059	1.0376
51127	1.0375
48263	1.0374
16047	1.0372
16061	1.0372
40025	1.0372
48507	1.0372
31035	1.0371
37137	1.0371
38005	1.0370
31051	1.0369
40121	1.0369
48083	1.0366
53075	1.0366
49051	1.0365
31027	1.0364
29137	1.0363
38095	1.0363
48501	1.0362
49015	1.0362
17021	1.0361
24043	1.0359
30109	1.0357
20195	1.0356
31085	1.0353
54105	1.0353
55107	1.0353
22029	1.0352
46109	1.0352
2110	1.0351
55119	1.0351
2020	1.0349
41049	1.0349
54093	1.0348
20201	1.0346
27029	1.0346
30095	1.0346
16031	1.0345
48021	1.0344
48235	1.0344
38069	1.0343
53025	1.0341
35007	1.0339
17107	1.0338
31183	1.0338
55061	1.0338
31043	1.0335
13011	1.0334
18107	1.0334
20087	1.0334
48273	1.0334
55077	1.0334
27093	1.0333
31141	1.0333
37033	1.0333
30097	1.0332
32001	1.0331
26097	1.0329
36003	1.0329
20141	1.0327
31073	1.0327
55007	1.0327
39139	1.0326
30037	1.0322
46037	1.0322
49001	1.0321
19119	1.0320
19123	1.0319
13003	1.0316
37077	1.0316
16057	1.0315
29025	1.0315
56043	1.0315
19143	1.0314
49045	1.0312
18087	1.0311
51015	1.0310
55125	1.0310
48329	1.0309
29186	1.0306
31115	1.0306
21077	1.0304
20107	1.0303
31155	1.0303
49047	1.0303
31167	1.0302
26053	1.0301
37015	1.0301
38055	1.0301
55081	1.0299
27057	1.0298
42103	1.0298
13209	1.0297
55135	1.0295
19195	1.0294
38029	1.0294
27155	1.0293
36049	1.0293
46075	1.0292
48079	1.0292
2070	1.0289
21215	1.0288
26087	1.0287
54091	1.0286
8119	1.0283
19043	1.0283
39029	1.0281
48475	1.0281
21163	1.0280
26109	1.0280
8091	1.0278
16065	1.0278
8017	1.0277
55091	1.0275
5127	1.0274
40141	1.0274
20185	1.0273
48399	1.0273
6085	1.0272
12091	1.0271
18101	1.0271
22123	1.0270
55069	1.0270
56021	1.0270
19055	1.0268
19015	1.0266
13009	1.0264
18151	1.0264
48177	1.0264
13173	1.0262
46005	1.0262
51027	1.0262
6079	1.0261
50013	1.0260
21165	1.0259
53039	1.0259
19069	1.0257
36025	1.0257
4003	1.0256
31139	1.0255
51099	1.0254
21061	1.0253
6115	1.0250
30065	1.0249
51017	1.0249
55121	1.0249
48165	1.0247
27087	1.0245
20069	1.0243
55065	1.0242
4015	1.0240
20153	1.0240
53017	1.0240
56011	1.0240
18083	1.0239
17069	1.0238
26127	1.0238
8123	1.0237
30009	1.0236
35015	1.0235
48431	1.0235
29021	1.0233
20131	1.0231
40059	1.0230
27171	1.0229
31079	1.0229
55041	1.0229
17137	1.0228
30041	1.0228
46099	1.0228
54015	1.0228
8001	1.0227
27061	1.0226
29185	1.0226
49013	1.0225
29171	1.0224
31171	1.0224
8039	1.0223
17061	1.0223
42099	1.0223
46127	1.0223
56041	1.0222
27001	1.0221
45061	1.0221
17095	1.0220
18167	1.0220
29119	1.0220
46047	1.0220
48233	1.0220
38059	1.0219
55019	1.0219
28039	1.0218
19127	1.0217
20179	1.0217
30013	1.0217
40007	1.0217
27143	1.0216
40077	1.0215
48453	1.0215
5013	1.0214
16059	1.0214
31025	1.0214
27079	1.0213
13079	1.0212
5101	1.0211
26051	1.0210
26085	1.0210
12045	1.0209
49049	1.0209
48039	1.0207
30079	1.0206
49011	1.0206
8041	1.0205
41057	1.0203
53047	1.0202
55097	1.0202
26091	1.0200
48197	1.0200
53037	1.0200
22075	1.0198
37049	1.0198
6047	1.0196
29051	1.0196
51179	1.0195
12131	1.0192
31023	1.0191
38017	1.0191
35029	1.0190
41021	1.0190
17099	1.0189
39003	1.0188
39107	1.0188
48071	1.0188
54031	1.0188
56017	1.0188
39007	1.0187
20043	1.0186
31003	1.0186
31081	1.0186
19107	1.0185
27059	1.0184
30071	1.0184
13183	1.0183
18027	1.0183
27081	1.0183
32031	1.0183
8099	1.0182
27051	1.0182
48055	1.0182
55103	1.0182
18111	1.0179
55123	1.0179
54007	1.0178
19021	1.0177
31063	1.0177
38037	1.0177
39165	1.0177
18147	1.0176
31101	1.0176
48195	1.0176
55117	1.0174
26015	1.0173
29129	1.0173
20123	1.0172
47175	1.0172
48461	1.0171
55015	1.0171
48409	1.0170
30105	1.0169
38083	1.0169
8067	1.0168
55051	1.0167
19109	1.0165
38003	1.0165
55115	1.0165
48103	1.0164
20171	1.0163
26113	1.0163
56025	1.0163
19063	1.0162
17185	1.0161
55067	1.0159
27103	1.0158
55095	1.0158
48307	1.0157
27173	1.0156
48443	1.0156
27067	1.0155
56019	1.0155
49025	1.0153
54095	1.0152
5017	1.0151
8007	1.0151
8013	1.0148
31121	1.0148
22047	1.0147
27145	1.0147
46023	1.0147
19065	1.0146
51063	1.0145
19111	1.0144
20023	1.0144
20101	1.0144
27097	1.0144
48041	1.0144
20051	1.0143
48089	1.0143
21055	1.0142
26011	1.0142
20183	1.0141
27095	1.0140
18005	1.0139
22009	1.0139
27119	1.0139
26123	1.0138
49057	1.0138
48287	1.0137
45053	1.0136
54071	1.0136
55049	1.0136
47135	1.0135
19053	1.0133
19085	1.0133
26103	1.0133
40099	1.0133
42057	1.0133
20081	1.0132
38021	1.0132
6073	1.0131
8079	1.0131
54019	1.0131
1059	1.0130
27111	1.0130
30093	1.0129
48065	1.0129
16077	1.0128
18015	1.0128
28015	1.0127
6049	1.0125
31147	1.0125
26157	1.0124
27065	1.0124
49019	1.0124
47057	1.0123
26133	1.0122
19071	1.0121
26107	1.0121
27089	1.0121
30067	1.0121
39111	1.0121
1053	1.0119
26043	1.0119
54101	1.0119
26001	1.0118
39163	1.0118
27151	1.0117
55075	1.0117
56031	1.0117
19129	1.0116
46103	1.0116
17013	1.0115
21201	1.0115
41023	1.0115
20035	1.0114
48321	1.0114
19037	1.0113
20067	1.0113
27043	1.0113
45081	1.0113
21041	1.0112
16045	1.0111
27013	1.0111
29173	1.0111
55139	1.0111
30087	1.0110
51169	1.0110
55047	1.0110
19167	1.0109
29205	1.0109
50009	1.0108
20015	1.0107
27099	1.0107
29009	1.0107
19197	1.0106
27073	1.0106
42097	1.0106
48153	1.0106
51683	1.0105
53033	1.0105
8029	1.0103
16079	1.0103
19081	1.0102
56013	1.0102
20155	1.0101
36051	1.0100
42067	1.0100
1107	1.0099
26027	1.0099
29111	1.0099
27045	1.0098
16013	1.0097
30015	1.0096
20049	1.0095
42047	1.0095
15003	1.0094
38011	1.0093
21085	1.0092
48017	1.0092
54065	1.0092
55073	1.0092
13177	1.0091
39149	1.0091
46105	1.0091
5117	1.0090
20207	1.0090
46115	1.0088
6091	1.0087
29061	1.0087
48483	1.0087
27055	1.0084
31109	1.0084
31179	1.0083
50017	1.0083
32005	1.0082
49035	1.0082
19121	1.0081
29141	1.0081
42115	1.0081
46029	1.0081
13179	1.0079
53061	1.0079
18051	1.0078
40113	1.0078
42131	1.0078
16021	1.0077
17105	1.0077
31033	1.0077
35051	1.0076
46061	1.0076
48493	1.0076
20085	1.0075
54081	1.0075
28069	1.0074
31059	1.0074
8009	1.0073
21223	1.0073
46101	1.0073
48317	1.0073
26165	1.0070
29153	1.0070
46123	1.0070
48105	1.0070
41065	1.0069
48357	1.0069
27157	1.0068
55003	1.0067
18037	1.0065
19083	1.0064
20039	1.0064
30033	1.0064
19141	1.0063
31177	1.0063
38103	1.0063
40047	1.0062
40079	1.0062
9011	1.0061
20159	1.0061
21031	1.0061
55033	1.0061
55085	1.0061
29067	1.0059
16071	1.0058
21027	1.0058
29125	1.0058
31153	1.0058
36071	1.0058
56003	1.0058
46125	1.0057
20191	1.0056
40105	1.0056
18113	1.0055
29017	1.0055
46129	1.0055
48323	1.0055
20129	1.0054
27023	1.0054
29147	1.0054
31039	1.0054
51735	1.0054
19171	1.0052
56033	1.0052
8021	1.0051
29015	1.0051
21075	1.0050
21183	1.0050
29089	1.0050
35061	1.0049
40085	1.0049
5129	1.0048
8031	1.0048
27033	1.0047
36075	1.0047
51155	1.0047
17181	1.0045
36017	1.0045
46081	1.0045
51013	1.0045
53005	1.0045
53007	1.0045
26143	1.0044
30085	1.0044
31137	1.0044
16007	1.0043
20127	1.0043
17079	1.0042
17017	1.0041
20041	1.0041
20105	1.0041
20139	1.0041
26093	1.0041
18119	1.0040
19095	1.0040
29139	1.0040
31127	1.0040
41003	1.0040
28131	1.0039
48497	1.0039
50019	1.0039
6027	1.0037
38031	1.0037
27137	1.0036
30053	1.0036
41009	1.0036
46071	1.0036
5149	1.0035
17085	1.0035
27101	1.0034
55031	1.0033
36095	1.0032
21023	1.0031
21153	1.0031
54013	1.0031
53041	1.0030
5087	1.0029
38015	1.0029
6069	1.0028
16001	1.0028
38085	1.0028
13145	1.0026
20199	1.0026
46049	1.0026
5133	1.0025
8125	1.0022
19139	1.0022
39127	1.0022
42123	1.0022
48037	1.0022
18079	1.0021
8063	1.0020
18095	1.0020
21081	1.0020
48081	1.0018
39075	1.0017
17189	1.0016
19035	1.0016
26149	1.0016
40001	1.0016
41071	1.0016
29103	1.0015
37023	1.0015
18061	1.0014
1037	1.0013
27003	1.0013
49037	1.0013
42063	1.0012
19097	1.0011
31071	1.0010
46073	1.0010
48151	1.0010
49005	1.0010
9013	1.0009
16075	1.0009
27107	1.0009
30063	1.0009
31019	1.0009
40051	1.0009
26035	1.0006
31089	1.0006
39137	1.0006
50015	1.0006
13149	1.0005
18071	1.0005
46045	1.0005
24037	1.0004
29113	1.0004
36021	1.0004
39011	1.0004
39019	1.0004
4017	1.0003
17097	1.0002
27041	1.0002
27071	1.0002
41035	1.0002
48193	1.0002
6033	1.0001
17149	1.0001
55109	1.0001
6083	1.0000
18085	0.9999
39117	0.9999
8105	0.9998
37075	0.9998
51147	0.9998
51153	0.9998
55127	0.9998
5143	0.9997
17007	0.9997
41027	0.9997
46035	0.9997
48251	0.9997
23021	0.9996
29005	0.9996
42023	0.9996
48333	0.9996
55005	0.9996
55087	0.9996
1083	0.9995
17203	0.9995
27085	0.9995
13123	0.9994
18129	0.9993
55055	0.9993
55071	0.9993
18063	0.9992
39147	0.9992
46089	0.9992
6107	0.9991
18055	0.9991
21025	0.9991
27009	0.9991
18075	0.9990
20181	0.9990
27039	0.9990
39059	0.9990
29073	0.9989
27011	0.9988
29049	0.9987
16067	0.9986
26005	0.9986
27149	0.9986
18001	0.9985
18017	0.9985
19011	0.9984
20099	0.9984
47161	0.9984
53077	0.9984
8035	0.9983
19077	0.9983
21131	0.9982
18117	0.9980
35053	0.9980
40067	0.9980
16017	0.9979
40061	0.9979
46087	0.9979
48077	0.9979
19003	0.9978
48379	0.9978
8059	0.9977
29131	0.9977
49021	0.9977
50001	0.9977
8003	0.9974
19125	0.9974
27007	0.9974
27031	0.9974
40097	0.9974
16019	0.9973
27083	0.9973
29219	0.9973
30005	0.9973
37029	0.9972
51047	0.9972
31067	0.9971
19089	0.9969
21187	0.9969
29177	0.9969
37167	0.9969
27127	0.9968
30011	0.9968
40029	0.9967
50005	0.9967
17049	0.9966
31099	0.9966
31143	0.9966
39021	0.9966
46043	0.9966
26031	0.9965
28105	0.9965
31057	0.9965
6019	0.9964
18165	0.9964
29195	0.9964
53065	0.9964
18149	0.9963
20037	0.9963
53053	0.9961
20187	0.9960
26151	0.9960
27047	0.9960
36079	0.9960
46015	0.9959
47085	0.9959
48353	0.9959
18049	0.9958
38079	0.9958
20109	0.9957
26019	0.9957
31087	0.9957
17073	0.9956
18175	0.9956
21093	0.9956
46027	0.9955
5047	0.9954
6077	0.9954
26059	0.9954
42105	0.9954
48109	0.9954
20059	0.9953
26071	0.9953
30075	0.9953
40027	0.9953
48211	0.9953
19179	0.9952
27015	0.9952
29041	0.9952
31145	0.9952
30017	0.9951
18007	0.9950
21135	0.9950
27005	0.9950
29065	0.9950
40075	0.9950
54085	0.9950
18045	0.9949
36073	0.9949
48097	0.9949
18183	0.9948
48031	0.9948
54023	0.9948
6065	0.9947
53069	0.9947
6017	0.9945
32003	0.9945
39115	0.9945
20095	0.9944
48327	0.9944
13299	0.9943
29093	0.9943
31175	0.9942
48117	0.9942
39065	0.9941
21021	0.9940
48219	0.9940
5083	0.9939
17131	0.9939
30029	0.9939
31041	0.9939
40129	0.9939
2100	0.9937
20121	0.9937
8069	0.9936
19149	0.9936
21001	0.9936
37053	0.9936
39171	0.9936
51187	0.9936
26129	0.9934
41047	0.9934
45077	0.9934
50011	0.9934
20073	0.9933
36101	0.9932
37189	0.9932
5015	0.9931
48093	0.9931
37111	0.9930
40073	0.9930
29013	0.9929
31021	0.9929
36037	0.9929
36097	0.9929
47015	0.9929
54063	0.9929
34017	0.9928
46137	0.9928
47041	0.9928
48367	0.9928
51069	0.9928
29203	0.9927
31149	0.9927
40081	0.9927
40117	0.9927
17015	0.9926
17089	0.9926
31017	0.9926
47123	0.9926
6101	0.9925
31131	0.9925
18159	0.9924
54057	0.9923
5109	0.9922
13001	0.9922
16011	0.9922
19001	0.9922
48099	0.9922
19191	0.9921
21109	0.9921
27147	0.9921
54005	0.9921
48013	0.9920
5141	0.9919
6071	0.9919
18047	0.9919
21231	0.9919
29145	0.9919
40131	0.9919
46059	0.9919
53029	0.9919
17133	0.9918
18125	0.9918
27139	0.9918
37141	0.9918
51045	0.9918
17173	0.9917
17183	0.9917
18181	0.9917
55111	0.9917
19193	0.9916
42025	0.9916
17063	0.9915
16087	0.9914
17199	0.9914
20157	0.9914
31001	0.9914
42005	0.9914
48407	0.9914
18023	0.9913
18137	0.9913
29157	0.9913
48473	0.9913
20209	0.9912
36065	0.9912
19031	0.9911
26141	0.9911
19147	0.9910
20045	0.9910
6009	0.9908
17035	0.9908
17111	0.9907
18099	0.9907
27069	0.9907
31015	0.9907
48119	0.9907
6095	0.9906
31053	0.9906
42065	0.9906
47125	0.9906
48239	0.9906
55093	0.9906
39175	0.9905
40011	0.9905
48159	0.9905
48451	0.9905
56029	0.9905
54041	0.9904
55078	0.9904
6055	0.9903
13207	0.9903
21171	0.9903
21219	0.9903
37091	0.9903
6063	0.9902
29039	0.9902
31013	0.9902
13313	0.9901
26009	0.9901
1049	0.9900
5007	0.9900
33011	0.9899
21221	0.9898
48045	0.9897
19093	0.9896
39037	0.9896
40039	0.9896
54035	0.9896
20117	0.9895
26137	0.9895
35041	0.9895
6093	0.9894
8014	0.9894
18073	0.9894
20147	0.9894
31125	0.9893
36009	0.9893
6103	0.9892
31181	0.9892
39045	0.9892
48505	0.9892
50023	0.9892
12119	0.9891
13139	0.9891
19023	0.9891
19131	0.9891
48289	0.9890
54003	0.9890
8109	0.9889
13221	0.9889
19059	0.9889
21007	0.9889
39123	0.9888
23025	0.9887
26147	0.9887
40065	0.9887
47159	0.9887
48015	0.9887
18011	0.9886
30103	0.9886
42009	0.9886
16005	0.9885
20133	0.9884
21029	0.9884
19151	0.9883
46031	0.9883
20149	0.9882
36027	0.9882
36117	0.9882
39041	0.9882
47137	0.9882
55045	0.9882
19185	0.9880
20003	0.9879
13251	0.9878
18031	0.9878
27035	0.9878
39169	0.9878
47133	0.9878
55131	0.9878
18029	0.9877
35005	0.9877
35023	0.9877
8115	0.9876
13025	0.9876
13283	0.9876
18109	0.9876
18145	0.9876
38033	0.9876
39055	0.9876
18115	0.9875
27113	0.9875
29055	0.9875
31119	0.9875
34037	0.9875
36035	0.9875
39051	0.9875
47177	0.9874
48217	0.9874
17019	0.9873
20125	0.9873
29109	0.9872
48027	0.9872
29181	0.9871
47141	0.9871
13307	0.9870
20115	0.9870
20151	0.9870
55025	0.9870
18105	0.9869
19135	0.9869
26041	0.9869
27019	0.9869
40071	0.9869
17041	0.9868
49007	0.9867
36107	0.9866
17039	0.9865
53049	0.9865
46055	0.9864
21019	0.9863
29099	0.9863
40017	0.9863
51023	0.9863
48209	0.9862
26159	0.9861
48503	0.9861
29071	0.9860
37109	0.9860
54051	0.9860
17175	0.9859
39073	0.9859
47061	0.9859
47143	0.9859
24035	0.9858
18021	0.9857
21155	0.9857
42015	0.9857
42051	0.9857
51059	0.9857
17037	0.9856
31129	0.9856
39015	0.9856
48019	0.9856
42117	0.9855
48201	0.9855
19051	0.9854
29029	0.9854
40083	0.9854
48499	0.9854
8005	0.9853
9015	0.9853
16027	0.9853
18171	0.9853
37047	0.9853
39009	0.9853
54037	0.9853
5067	0.9852
15009	0.9852
17147	0.9852
39091	0.9852
20169	0.9851
26069	0.9851
48107	0.9851
48413	0.9851
5105	0.9850
13103	0.9850
42089	0.9850
17197	0.9849
19019	0.9849
48365	0.9849
51035	0.9849
5137	0.9848
27049	0.9848
39039	0.9848
48249	0.9848
29107	0.9847
31011	0.9847
51141	0.9847
55009	0.9847
20027	0.9846
20029	0.9846
21003	0.9846
51107	0.9846
20093	0.9845
31169	0.9845
51181	0.9845
29159	0.9844
37051	0.9844
41013	0.9844
18033	0.9843
42109	0.9843
49053	0.9843
6023	0.9842
5097	0.9841
13197	0.9841
21197	0.9841
35011	0.9841
48279	0.9841
48419	0.9841
53063	0.9841
5115	0.9840
31065	0.9839
39125	0.9839
48059	0.9839
4007	0.9838
6045	0.9838
19159	0.9838
26155	0.9838
27027	0.9838
27159	0.9838
29197	0.9838
30081	0.9838
17141	0.9837
23013	0.9837
36111	0.9837
51091	0.9837
31105	0.9836
48361	0.9836
55101	0.9836
45015	0.9835
12005	0.9834
13117	0.9834
42019	0.9834
22065	0.9832
51185	0.9832
39031	0.9831
40053	0.9831
47121	0.9831
54097	0.9831
19165	0.9830
6099	0.9829
26063	0.9829
37165	0.9829
39067	0.9829
23019	0.9828
19079	0.9827
31045	0.9827
36043	0.9827
39135	0.9827
26161	0.9826
35047	0.9826
55129	0.9826
13107	0.9825
31111	0.9825
39001	0.9825
13187	0.9824
22111	0.9824
29081	0.9824
37005	0.9824
5121	0.9823
17077	0.9823
51037	0.9823
19103	0.9822
24009	0.9822
1115	0.9821
38001	0.9821
17093	0.9820
32021	0.9820
19075	0.9819
20009	0.9819
26105	0.9819
41061	0.9819
46033	0.9819
47173	0.9819
5099	0.9817
17025	0.9817
21039	0.9817
46083	0.9817
17023	0.9816
24015	0.9816
47021	0.9816
55035	0.9816
13147	0.9815
27091	0.9814
37069	0.9814
39069	0.9814
48393	0.9814
12107	0.9813
21015	0.9813
33015	0.9813
40087	0.9813
41067	0.9813
47153	0.9813
20205	0.9812
33019	0.9812
39143	0.9812
51043	0.9812
37197	0.9811
39103	0.9811
21233	0.9810
26121	0.9810
29059	0.9810
36015	0.9810
50021	0.9810
41043	0.9809
42041	0.9809
9005	0.9808
13229	0.9808
37073	0.9808
18093	0.9807
27053	0.9807
39063	0.9807
51033	0.9807
19007	0.9806
26111	0.9806
42079	0.9806
53015	0.9806
6081	0.9805
54043	0.9805
48091	0.9804
5071	0.9803
22085	0.9803
30049	0.9803
41017	0.9803
27169	0.9802
40069	0.9802
5025	0.9801
42121	0.9801
8077	0.9800
21127	0.9800
31107	0.9800
6111	0.9799
21229	0.9799
40037	0.9799
6007	0.9798
21117	0.9798
27133	0.9798
46041	0.9798
16055	0.9797
19027	0.9797
28093	0.9797
29085	0.9797
54049	0.9797
48339	0.9796
17195	0.9795
28057	0.9795
47171	0.9795
48007	0.9795
53057	0.9795
29003	0.9794
37185	0.9794
6087	0.9793
13125	0.9793
19017	0.9793
51139	0.9793
39145	0.9792
48187	0.9792
48241	0.9792
19073	0.9791
21103	0.9791
41051	0.9791
48049	0.9791
51163	0.9789
37085	0.9788
51109	0.9788
18069	0.9787
41007	0.9787
21193	0.9786
31173	0.9786
37027	0.9786
40149	0.9786
17067	0.9785
21141	0.9785
24003	0.9785
55029	0.9785
18127	0.9784
24013	0.9784
26029	0.9784
35045	0.9784
47139	0.9784
48391	0.9784
55059	0.9784
5039	0.9783
39077	0.9783
15001	0.9782
42085	0.9782
23003	0.9781
31061	0.9781
51071	0.9780
51061	0.9779
13195	0.9778
27165	0.9777
48035	0.9777
22117	0.9776
23017	0.9776
1043	0.9775
4013	0.9775
13157	0.9775
40145	0.9775
42049	0.9775
42133	0.9775
53011	0.9775
26139	0.9774
33003	0.9774
12085	0.9773
48141	0.9773
54059	0.9772
29121	0.9771
39105	0.9771
20031	0.9770
21169	0.9770
21011	0.9769
39131	0.9769
27163	0.9768
17053	0.9767
48355	0.9767
13161	0.9766
18039	0.9766
20173	0.9766
26047	0.9766
18161	0.9765
31077	0.9765
39053	0.9765
26007	0.9764
48029	0.9764
53073	0.9764
17123	0.9762
19161	0.9762
37121	0.9762
12033	0.9760
12097	0.9760
17117	0.9760
48291	0.9760
48385	0.9760
54009	0.9760
54109	0.9760
5069	0.9759
18013	0.9759
33001	0.9759
21123	0.9758
28009	0.9758
40091	0.9758
41011	0.9758
46017	0.9758
48397	0.9758
48425	0.9758
13071	0.9757
21179	0.9757
48139	0.9757
53009	0.9757
21065	0.9756
28017	0.9756
29165	0.9756
33009	0.9756
36083	0.9756
37159	0.9755
40049	0.9755
15007	0.9754
13085	0.9753
20097	0.9753
22015	0.9753
26115	0.9753
36091	0.9753
39027	0.9753
19067	0.9752
44005	0.9752
5049	0.9751
24023	0.9751
47147	0.9751
48331	0.9751
23027	0.9750
29199	0.9750
17191	0.9748
20013	0.9748
22023	0.9748
34023	0.9748
48051	0.9748
5033	0.9747
17187	0.9747
18179	0.9747
36053	0.9747
4001	0.9746
5053	0.9746
27037	0.9746
39025	0.9745
17159	0.9744
18041	0.9744
20021	0.9744
21119	0.9744
33013	0.9744
40041	0.9744
20025	0.9743
13015	0.9742
1019	0.9741
19061	0.9741
19189	0.9741
6059	0.9739
13129	0.9739
17125	0.9738
21181	0.9737
31161	0.9737
46013	0.9737
48113	0.9737
12019	0.9736
31133	0.9736
39157	0.9736
40135	0.9736
16069	0.9735
26081	0.9735
31055	0.9735
39161	0.9735
8083	0.9734
13019	0.9734
18081	0.9734
41005	0.9734
8101	0.9733
36057	0.9733
47105	0.9733
19181	0.9732
19153	0.9731
34019	0.9731
37093	0.9731
37151	0.9731
51007	0.9731
51191	0.9731
22101	0.9729
25027	0.9729
40111	0.9729
17091	0.9728
46065	0.9728
47003	0.9728
47099	0.9728
1095	0.9727
21189	0.9727
36013	0.9727
39173	0.9727
54079	0.9727
54045	0.9726
25007	0.9725
30047	0.9725
48405	0.9725
48491	0.9724
6037	0.9723
48257	0.9723
54087	0.9723
19113	0.9722
19155	0.9722
48459	0.9722
21079	0.9721
4005	0.9720
16083	0.9719
37115	0.9718
55105	0.9718
5009	0.9717
19049	0.9717
26037	0.9717
5055	0.9716
20011	0.9715
47047	0.9715
17161	0.9714
24021	0.9714
12021	0.9713
13213	0.9713
42021	0.9713
46007	0.9713
19091	0.9711
26089	0.9711
47167	0.9711
48303	0.9711
20079	0.9710
30073	0.9710
36007	0.9710
18059	0.9709
39109	0.9709
41019	0.9709
47089	0.9709
48149	0.9709
17001	0.9708
19183	0.9708
37179	0.9708
40103	0.9708
6001	0.9707
21043	0.9707
31103	0.9707
54067	0.9707
46067	0.9705
47083	0.9704
55141	0.9704
19013	0.9703
22005	0.9703
48085	0.9703
1045	0.9702
51143	0.9702
29105	0.9701
39071	0.9701
42029	0.9701
1009	0.9700
17055	0.9700
22107	0.9700
13029	0.9699
21209	0.9699
22109	0.9699
38027	0.9699
48223	0.9699
17075	0.9698
29167	0.9698
46107	0.9698
1093	0.9697
4019	0.9697
36103	0.9697
39057	0.9697
42011	0.9697
51073	0.9697
1029	0.9696
20001	0.9696
22121	0.9696
5091	0.9695
13057	0.9695
20167	0.9695
20189	0.9695
30111	0.9695
48231	0.9695
34005	0.9693
37097	0.9693
5029	0.9692
40089	0.9692
29083	0.9691
51610	0.9691
54033	0.9691
8085	0.9689
35017	0.9689
42095	0.9689
48479	0.9689
51177	0.9689
1133	0.9688
42001	0.9688
51019	0.9688
55089	0.9688
1103	0.9687
40033	0.9687
47189	0.9687
39047	0.9686
55133	0.9686
17179	0.9685
18139	0.9685
22063	0.9685
30003	0.9685
37099	0.9685
37199	0.9685
29149	0.9684
42125	0.9684
47127	0.9684
21099	0.9683
21235	0.9683
39093	0.9683
39167	0.9683
51840	0.9682
31117	0.9681
55039	0.9681
5135	0.9680
34027	0.9680
47073	0.9680
51067	0.9680
28109	0.9679
47067	0.9679
13295	0.9678
37163	0.9678
1031	0.9677
42055	0.9677
42075	0.9677
13007	0.9676
21207	0.9676
48129	0.9676
48175	0.9676
48199	0.9675
48395	0.9675
17165	0.9674
26153	0.9674
47049	0.9674
48121	0.9673
45073	0.9672
48487	0.9672
18135	0.9671
19041	0.9671
29209	0.9671
47059	0.9671
17171	0.9670
51600	0.9670
17043	0.9669
20113	0.9669
21149	0.9669
51157	0.9669
28063	0.9668
29223	0.9668
41039	0.9668
41063	0.9667
39005	0.9666
26045	0.9664
19029	0.9663
29207	0.9663
23007	0.9662
38051	0.9661
1071	0.9660
13159	0.9659
37193	0.9659
1081	0.9658
6089	0.9658
13083	0.9658
21115	0.9658
47149	0.9658
29183	0.9656
47013	0.9656
47019	0.9656
5023	0.9655
6057	0.9655
47145	0.9655
48281	0.9655
48337	0.9655
48363	0.9655
48481	0.9655
21139	0.9654
36087	0.9654
36113	0.9654
47155	0.9653
28123	0.9652
47187	0.9652
41015	0.9651
12089	0.9650
51165	0.9650
29011	0.9649
47151	0.9649
19163	0.9648
22099	0.9648
21213	0.9647
46113	0.9647
21053	0.9646
21087	0.9646
40115	0.9646
30099	0.9645
21157	0.9644
26017	0.9643
35043	0.9643
36109	0.9643
39079	0.9642
48349	0.9642
51075	0.9642
21203	0.9641
28037	0.9641
39089	0.9641
47043	0.9641
48167	0.9641
48463	0.9641
51199	0.9641
31029	0.9640
31163	0.9640
19045	0.9638
20091	0.9638
28117	0.9637
48315	0.9637
12095	0.9636
1021	0.9634
13219	0.9634
42035	0.9634
48157	0.9634
21037	0.9633
28059	0.9633
51171	0.9633
21097	0.9632
33017	0.9632
48381	0.9632
42017	0.9631
17109	0.9630
18173	0.9630
22057	0.9630
42031	0.9630
29047	0.9629
51119	0.9629
51810	0.9629
5085	0.9628
13013	0.9627
17011	0.9627
37055	0.9627
40043	0.9627
17059	0.9626
22053	0.9626
42077	0.9626
47027	0.9626
17193	0.9625
21125	0.9625
29229	0.9625
13031	0.9624
26125	0.9624
48215	0.9624
12105	0.9623
33005	0.9623
40133	0.9623
21137	0.9622
40127	0.9622
20065	0.9621
29087	0.9621
51053	0.9621
31005	0.9619
40045	0.9619
29043	0.9618
47051	0.9617
22087	0.9616
48267	0.9616
39017	0.9615
47025	0.9615
48259	0.9615
26025	0.9614
29123	0.9614
18143	0.9613
35001	0.9612
1129	0.9611
37153	0.9611
51093	0.9611
37009	0.9610
48053	0.9610
8095	0.9609
17065	0.9609
48143	0.9609
48203	0.9609
5089	0.9608
17045	0.9608
37101	0.9608
42071	0.9608
31185	0.9606
34041	0.9605
47039	0.9605
48449	0.9605
28159	0.9604
48469	0.9604
25017	0.9603
39133	0.9603
42013	0.9603
47109	0.9603
51133	0.9603
24025	0.9602
5075	0.9601
21227	0.9601
35013	0.9601
42081	0.9601
47077	0.9601
13119	0.9600
18009	0.9600
51085	0.9600
21167	0.9599
23001	0.9599
47115	0.9599
5011	0.9598
23029	0.9598
37031	0.9598
48087	0.9597
54047	0.9597
42039	0.9596
45027	0.9596
47117	0.9596
1075	0.9595
34033	0.9595
48213	0.9595
50027	0.9595
54025	0.9595
12071	0.9594
21005	0.9594
22089	0.9594
8089	0.9593
19033	0.9593
21013	0.9592
23015	0.9592
27117	0.9592
37169	0.9592
39099	0.9592
40109	0.9592
45013	0.9592
29217	0.9591
47185	0.9590
31095	0.9589
37131	0.9589
21069	0.9588
42129	0.9588
47101	0.9588
48403	0.9588
54103	0.9588
17047	0.9587
21237	0.9587
47103	0.9587
21067	0.9586
35039	0.9586
36023	0.9586
48009	0.9586
47017	0.9585
48285	0.9584
50025	0.9584
12057	0.9583
37123	0.9583
8061	0.9582
37139	0.9582
53003	0.9582
22001	0.9581
53031	0.9581
13227	0.9580
18003	0.9580
24027	0.9580
28111	0.9580
34035	0.9579
17121	0.9578
22045	0.9578
34021	0.9578
47063	0.9578
6041	0.9577
26021	0.9577
48191	0.9577
37057	0.9576
54099	0.9576
24011	0.9575
48011	0.9575
51101	0.9575
39083	0.9574
47005	0.9574
6013	0.9573
22019	0.9573
48275	0.9573
50007	0.9573
12009	0.9572
21083	0.9572
28115	0.9572
1089	0.9571
13233	0.9571
13289	0.9571
41053	0.9571
12075	0.9570
48181	0.9570
21217	0.9569
28145	0.9569
6067	0.9568
26077	0.9568
51137	0.9567
53067	0.9567
47111	0.9566
36069	0.9564
48439	0.9564
5073	0.9563
35055	0.9563
51173	0.9563
37035	0.9562
39043	0.9562
5131	0.9561
21017	0.9561
26055	0.9561
48477	0.9560
51550	0.9560
34039	0.9559
21133	0.9558
28047	0.9557
4025	0.9556
20071	0.9556
13005	0.9555
29097	0.9554
51005	0.9553
51197	0.9553
5063	0.9552
13133	0.9552
47179	0.9552
54001	0.9552
41029	0.9551
48417	0.9551
51167	0.9550
13043	0.9549
12055	0.9548
37061	0.9548
45071	0.9547
48005	0.9547
17139	0.9546
21059	0.9546
21195	0.9546
27123	0.9546
47183	0.9546
5125	0.9545
18057	0.9545
39033	0.9545
28019	0.9543
37059	0.9543
48467	0.9543
13297	0.9542
42087	0.9542
1061	0.9541
6061	0.9541
13073	0.9541
40093	0.9541
5113	0.9540
21173	0.9540
40095	0.9540
39049	0.9539
13241	0.9538
27109	0.9538
40143	0.9538
47165	0.9538
21049	0.9537
13231	0.9536
48309	0.9536
40147	0.9535
5021	0.9534
28155	0.9534
40019	0.9533
17129	0.9532
28141	0.9531
36063	0.9531
5045	0.9530
6097	0.9530
20193	0.9530
21199	0.9530
22095	0.9530
28031	0.9530
34031	0.9530
39085	0.9529
47031	0.9529
48427	0.9529
28045	0.9527
36093	0.9527
37105	0.9527
47035	0.9527
54011	0.9527
51193	0.9526
21071	0.9525
22083	0.9525
40013	0.9525
53013	0.9525
12111	0.9523
13135	0.9523
37025	0.9523
17201	0.9522
21057	0.9522
1127	0.9521
21121	0.9521
39155	0.9521
19175	0.9520
23031	0.9520
36059	0.9519
29037	0.9518
53023	0.9518
12127	0.9517
55063	0.9517
40021	0.9516
1111	0.9514
21107	0.9514
41033	0.9513
48061	0.9513
34009	0.9512
21211	0.9511
39087	0.9511
21161	0.9509
48433	0.9509
5003	0.9507
13223	0.9507
18019	0.9507
44007	0.9507
48221	0.9507
22119	0.9506
37039	0.9506
13265	0.9505
20135	0.9504
47001	0.9504
48171	0.9504
29115	0.9503
48127	0.9503
35027	0.9502
12015	0.9501
20163	0.9501
12109	0.9500
23011	0.9500
26065	0.9500
28003	0.9500
1027	0.9498
19057	0.9498
48101	0.9498
40101	0.9497
51117	0.9497
5139	0.9496
5145	0.9496
13045	0.9495
20033	0.9495
21089	0.9495
37191	0.9495
5043	0.9494
1079	0.9493
9001	0.9493
18141	0.9493
26099	0.9493
50003	0.9493
21045	0.9492
36123	0.9492
5093	0.9491
12011	0.9491
37171	0.9491
47107	0.9491
13311	0.9490
25011	0.9490
13077	0.9489
1057	0.9488
51079	0.9488
29091	0.9487
17119	0.9486
35037	0.9483
9007	0.9482
51001	0.9482
54029	0.9482
17083	0.9480
40123	0.9479
47163	0.9479
22061	0.9477
28139	0.9477
19009	0.9476
47011	0.9476
34025	0.9475
45063	0.9474
37183	0.9471
29127	0.9470
34015	0.9470
47071	0.9470
22007	0.9469
47093	0.9468
48441	0.9468
13027	0.9467
23023	0.9467
29079	0.9466
39081	0.9466
17177	0.9465
22103	0.9465
22041	0.9464
31157	0.9464
42091	0.9463
48183	0.9463
12101	0.9462
13237	0.9462
45035	0.9462
17071	0.9461
21113	0.9460
45025	0.9460
45021	0.9459
45057	0.9459
37043	0.9458
26073	0.9457
39119	0.9457
39151	0.9456
51009	0.9455
13215	0.9454
13191	0.9453
19157	0.9453
12086	0.9452
29077	0.9452
42069	0.9452
25023	0.9451
51031	0.9451
26145	0.9450
47009	0.9450
48063	0.9450
5037	0.9449
36085	0.9449
9003	0.9448
42007	0.9448
20005	0.9447
28091	0.9447
17029	0.9446
13143	0.9445
21035	0.9445
22055	0.9445
41069	0.9445
48387	0.9445
13181	0.9443
17003	0.9443
47055	0.9443
20111	0.9441
37103	0.9441
17031	0.9440
34003	0.9440
48023	0.9440
18067	0.9439
29023	0.9439
45083	0.9437
51800	0.9437
18043	0.9436
13111	0.9435
28067	0.9435
18169	0.9434
21033	0.9434
1041	0.9433
28071	0.9433
47079	0.9433
5031	0.9432
36081	0.9430
21151	0.9429
29201	0.9428
5005	0.9426
19137	0.9426
29033	0.9425
37113	0.9425
17113	0.9424
13047	0.9423
17143	0.9423
51011	0.9423
54107	0.9423
40057	0.9422
30035	0.9420
13087	0.9418
13245	0.9418
47029	0.9418
39153	0.9416
1001	0.9414
1003	0.9414
12017	0.9414
45045	0.9414
22105	0.9411
23009	0.9411
39023	0.9411
29019	0.9410
28077	0.9408
42043	0.9408
13067	0.9407
18163	0.9407
6113	0.9406
12031	0.9406
51036	0.9406
12099	0.9405
1123	0.9403
29035	0.9403
36119	0.9402
42093	0.9402
24047	0.9401
31007	0.9401
36077	0.9400
13109	0.9399
19133	0.9399
13113	0.9398
23005	0.9397
48299	0.9396
51113	0.9396
30051	0.9394
40137	0.9394
5057	0.9393
28075	0.9393
12069	0.9390
13277	0.9390
5147	0.9387
13291	0.9387
13115	0.9386
51115	0.9386
44003	0.9385
44009	0.9385
29031	0.9384
42073	0.9384
55079	0.9382
10003	0.9381
21009	0.9381
46121	0.9381
45001	0.9380
1055	0.9379
17153	0.9379
36029	0.9379
18089	0.9376
20177	0.9376
34001	0.9376
42003	0.9376
1039	0.9375
51540	0.9375
36001	0.9374
22079	0.9372
29510	0.9372
51049	0.9372
25005	0.9371
28147	0.9371
18177	0.9370
54069	0.9370
27161	0.9369
35049	0.9369
28061	0.9368
39095	0.9368
13169	0.9367
28127	0.9367
5111	0.9366
10005	0.9366
47131	0.9366
12117	0.9365
13163	0.9365
13121	0.9364
13153	0.9364
24031	0.9363
29095	0.9362
37145	0.9361
25003	0.9360
21073	0.9359
13065	0.9357
37125	0.9357
53055	0.9357
45019	0.9356
21111	0.9355
48067	0.9354
51095	0.9354
51125	0.9354
39061	0.9353
44001	0.9352
1117	0.9351
1051	0.9348
12081	0.9346
21101	0.9346
29213	0.9345
47119	0.9345
13131	0.9344
34029	0.9344
22051	0.9343
37087	0.9343
25013	0.9342
41041	0.9342
1067	0.9340
5027	0.9340
54053	0.9339
28129	0.9337
22113	0.9336
45059	0.9336
25025	0.9334
5061	0.9332
47065	0.9332
45003	0.9331
37071	0.9330
37161	0.9330
37157	0.9329
13185	0.9328
34007	0.9328
28005	0.9326
13287	0.9325
22031	0.9325
5001	0.9324
13257	0.9321
45091	0.9321
29227	0.9319
6039	0.9318
51510	0.9318
48423	0.9317
29075	0.9315
26049	0.9314
36067	0.9314
47045	0.9314
45079	0.9313
38041	0.9312
51700	0.9312
9009	0.9309
18097	0.9308
4023	0.9307
36055	0.9307
25009	0.9306
12001	0.9305
12053	0.9305
24017	0.9303
35031	0.9301
37083	0.9301
18035	0.9299
22097	0.9298
51161	0.9298
54039	0.9298
22093	0.9296
45055	0.9296
51580	0.9296
17163	0.9295
37155	0.9294
37175	0.9294
21205	0.9293
47037	0.9293
22069	0.9292
51041	0.9291
5081	0.9290
26163	0.9290
10001	0.9288
13225	0.9287
45023	0.9286
48265	0.9286
25021	0.9284
1125	0.9282
42037	0.9282
42045	0.9282
34013	0.9280
47053	0.9280
48277	0.9280
28121	0.9276
12035	0.9274
39113	0.9273
1121	0.9272
45085	0.9272
48347	0.9272
31091	0.9266
51089	0.9266
51660	0.9265
45007	0.9263
24029	0.9262
29143	0.9262
5051	0.9260
37045	0.9260
17127	0.9259
1109	0.9258
28033	0.9258
45051	0.9258
28097	0.9257
37119	0.9254
24033	0.9253
28013	0.9253
40125	0.9253
48455	0.9250
13051	0.9249
13319	0.9248
28153	0.9248
13211	0.9247
13255	0.9244
37089	0.9243
28137	0.9241
29001	0.9240
12103	0.9235
13253	0.9234
17167	0.9234
48343	0.9233
18077	0.9232
39159	0.9231
12061	0.9230
45017	0.9230
13075	0.9229
45029	0.9227
21145	0.9224
28029	0.9224
40023	0.9224
51650	0.9224
54055	0.9224
1077	0.9223
21239	0.9222
28073	0.9220
22077	0.9216
1015	0.9215
47023	0.9212
13321	0.9210
51083	0.9210
37021	0.9209
51740	0.9209
37173	0.9207
12083	0.9201
29069	0.9201
22091	0.9197
51820	0.9197
1113	0.9196
22081	0.9195
28161	0.9195
51131	0.9190
28107	0.9189
22067	0.9188
17115	0.9187
37149	0.9187
45009	0.9187
37127	0.9184
37143	0.9184
45011	0.9184
13199	0.9183
22013	0.9182
28101	0.9179
18053	0.9177
51003	0.9177
45039	0.9170
48447	0.9170
13201	0.9169
22073	0.9168
37037	0.9167
21095	0.9166
1069	0.9163
1033	0.9159
1017	0.9157
13171	0.9157
25001	0.9154
13285	0.9153
28125	0.9153
37107	0.9153
28089	0.9146
28085	0.9144
13317	0.9141
13137	0.9140
13249	0.9137
28081	0.9137
13023	0.9133
37019	0.9131
37063	0.9129
37135	0.9129
28099	0.9128
1035	0.9127
13239	0.9126
5119	0.9124
51770	0.9124
39035	0.9115
15005	0.9111
22033	0.9110
51775	0.9098
28087	0.9096
13269	0.9095
12115	0.9094
28149	0.9093
13151	0.9086
1099	0.9084
28095	0.9084
37129	0.9077
13033	0.9074
13281	0.9073
13273	0.9072
37041	0.9071
28051	0.9070
13105	0.9068
47033	0.9067
13263	0.9062
1097	0.9056
28043	0.9053
5035	0.9052
37001	0.9051
37013	0.9048
5019	0.9041
29189	0.9041
45089	0.9041
12039	0.9037
37017	0.9037
24019	0.9033
1131	0.9030
51087	0.9029
47157	0.9028
51760	0.9026
1065	0.9025
11001	0.9021
13097	0.9021
13081	0.9019
37195	0.9016
13293	0.9013
13059	0.9009
48145	0.9006
36061	0.9000
47113	0.9000
48155	0.8997
36047	0.8994
24005	0.8992
45087	0.8992
45033	0.8989
45043	0.8988
13279	0.8987
24041	0.8986
24045	0.8985
37081	0.8984
42101	0.8982
13175	0.8979
37067	0.8976
13301	0.8974
28021	0.8974
12073	0.8968
13275	0.8965
28113	0.8964
28007	0.8963
1073	0.8960
5103	0.8959
22017	0.8958
51103	0.8958
28065	0.8957
22071	0.8954
13017	0.8947
37187	0.8946
1025	0.8945
51520	0.8944
36005	0.8943
1063	0.8942
13089	0.8942
28103	0.8937
5041	0.8929
1023	0.8928
21105	0.8928
28035	0.8925
28053	0.8925
13217	0.8910
51750	0.8899
45031	0.8890
18121	0.8888
13247	0.8882
29155	0.8874
1085	0.8863
37117	0.8863
1101	0.8859
13127	0.8859
28023	0.8851
51680	0.8842
5107	0.8839
37147	0.8835
13189	0.8820
51057	0.8820
24510	0.8819
1091	0.8818
28143	0.8813
13261	0.8809
51720	0.8805
5095	0.8802
28025	0.8799
47075	0.8798
13021	0.8793
13061	0.8781
51530	0.8766
13063	0.8764
28049	0.8762
45041	0.8761
51640	0.8761
37181	0.8748
51670	0.8748
45075	0.8747
25015	0.8743
13099	0.8742
45047	0.8731
28011	0.8713
28083	0.8706
51690	0.8704
1105	0.8703
28119	0.8664
1013	0.8657
28027	0.8639
13243	0.8636
51630	0.8600
1047	0.8581
37065	0.8572
28151	0.8558
51595	0.8550
51830	0.8523
51790	0.8511
13095	0.8503
51590	0.8494
51570	0.8489
29007	0.8480
45067	0.8458
51065	0.8458
51730	0.8440
56027	0.8435
1119	0.8429
51620	0.8366
1087	0.8343
54089	0.8341
29117	0.7739
13235	0.7541
